"Sort Key","Type","Name","Version","Name Space Id","Description","Steward","Value Type","Minimum Cardinality","Maximum Cardinality","Minimum Value","Maximum Value","Minimum Characters","Maximum Characters","Unit of Measure Type","Specified Unit Id","Attribute Concept","Conceptual Domain"
"search:Scientific_Discipline:1         ","Class","Scientific_Discipline","1.0.0.0","search","Information about the scientific discipline and research context.","drum","","","","","","","","","","",""
"search:Scientific_Discipline:2          search:primary_field:1                 ","Attribute","primary_field","n/a","search","Primary scientific field of study.","drum","ASCII_Short_String_Collapsed","1","1","Unbounded","Unbounded","1","255","Units_of_None","none","TBD_classConcept","SHORT_STRING"
"search:Scientific_Discipline:2          search:primary_field:2                  Value:Astrobiology","Value","Astrobiology","","","Study of life in the universe"
"search:Scientific_Discipline:2          search:primary_field:2                  Value:Astronomy_Exoplanets","Value","Astronomy_Exoplanets","","","Study of exoplanets"
"search:Scientific_Discipline:2          search:primary_field:2                  Value:Astronomy_Observatio","Value","Astronomy_Observation","","","Observation of celestial objects"
"search:Scientific_Discipline:2          search:primary_field:2                  Value:Astronomy_Radar","Value","Astronomy_Radar","","","Radar observations of celestial objects"
"search:Scientific_Discipline:2          search:primary_field:2                  Value:Astronomy_Spectrosco","Value","Astronomy_Spectroscopy","","","Spectroscopy of celestial objects"
"search:Scientific_Discipline:2          search:primary_field:2                  Value:Atmospheric_Study","Value","Atmospheric_Study","","","Atmospheric studies of the Earth and other planets"
"search:Scientific_Discipline:2          search:primary_field:2                  Value:Dynamics","Value","Dynamics","","","Dynamics of the Earth and other planets"
"search:Scientific_Discipline:2          search:primary_field:2                  Value:Geology_Crater_Count","Value","Geology_Crater_Counting","","","Crater counting of the Earth and other planets"
"search:Scientific_Discipline:2          search:primary_field:2                  Value:Geology_Geophysics","Value","Geology_Geophysics","","","Geophysics of the Earth and other planets"
"search:Scientific_Discipline:2          search:primary_field:2                  Value:Geology_Interior_Stu","Value","Geology_Interior_Studies","","","Interior studies of the Earth and other planets"
"search:Scientific_Discipline:2          search:primary_field:2                  Value:Geology_Seismology","Value","Geology_Seismology","","","Seismology of the Earth and other planets"
"search:Scientific_Discipline:2          search:primary_field:2                  Value:Geology_Surface","Value","Geology_Surface","","","Surface studies of the Earth and other planets"
"search:Scientific_Discipline:2          search:primary_field:2                  Value:Laboratory_Age_Datin","Value","Laboratory_Age_Dating","","","Age dating of physical samples"
"search:Scientific_Discipline:2          search:primary_field:2                  Value:Laboratory_Analytic_","Value","Laboratory_Analytic_Chemistry","","","Analytic chemistry of physical samples"
"search:Scientific_Discipline:2          search:primary_field:2                  Value:Laboratory_Cosmochem","Value","Laboratory_Cosmochemistry","","","Cosmochemistry of physical samples"
"search:Scientific_Discipline:2          search:primary_field:2                  Value:Laboratory_Geochemis","Value","Laboratory_Geochemistry","","","Geochemistry of physical samples"
"search:Scientific_Discipline:2          search:primary_field:2                  Value:Laboratory_Spectral_","Value","Laboratory_Spectral_Analysis","","","Spectral analysis of physical samples"
"search:Scientific_Discipline:2          search:primary_field:2                  Value:Magnetospheres","Value","Magnetospheres","","","Magnetospheres of the Earth and other planets"
"search:Scientific_Discipline:2          search:primary_field:2                  Value:Modeling","Value","Modeling","","","Modeling of the Earth and other planets"
"search:Scientific_Discipline:2          search:primary_field:2                  Value:Other","Value","Other","","","Any field not covered by other values"
"search:Scientific_Discipline:2          search:primary_field:2                  Value:Space_Physics","Value","Space_Physics","","","Space physics of the Earth and other planets"
"search:Scientific_Discipline:2          search:investigation_technique:1       ","Attribute","investigation_technique","n/a","search","Method of scientific investigation used.","drum","ASCII_Short_String_Collapsed","1","1","Unbounded","Unbounded","1","255","Units_of_None","none","TBD_classConcept","SHORT_STRING"
"search:Scientific_Discipline:2          search:investigation_technique:2        Value:Geochemistry","Value","Geochemistry","","","Collection of geochemical data"
"search:Scientific_Discipline:2          search:investigation_technique:2        Value:Gravimetry","Value","Gravimetry","","","Collection of gravity data"
"search:Scientific_Discipline:2          search:investigation_technique:2        Value:ICPMS","Value","ICPMS","","","Collection of inductively coupled plasma mass spectrometry data"
"search:Scientific_Discipline:2          search:investigation_technique:2        Value:Mapping","Value","Mapping","","","Collection of maps"
"search:Scientific_Discipline:2          search:investigation_technique:2        Value:Modeling","Value","Modeling","","","Computer-based simulation or modeling"
"search:Scientific_Discipline:2          search:investigation_technique:2        Value:Other","Value","Other","","","Any investigation technique not covered by other values"
"search:Scientific_Discipline:2          search:investigation_technique:2        Value:Radar","Value","Radar","","","Collection of radar data"
"search:Scientific_Discipline:2          search:investigation_technique:2        Value:SEM","Value","SEM","","","Collection of scanning electron microscopy data"
"search:Scientific_Discipline:2          search:investigation_technique:2        Value:Seismology","Value","Seismology","","","Collection of seismic data"
"search:Scientific_Discipline:2          search:investigation_technique:2        Value:Spectroscopy","Value","Spectroscopy","","","Collection of spectra"
"search:Scientific_Discipline:2          search:investigation_technique:2        Value:TEM","Value","TEM","","","Collection of transmission electron microscopy data"
"search:Scientific_Discipline:2          search:study_focus:1                   ","Attribute","study_focus","n/a","search","Primary focus area of the scientific study.","drum","ASCII_Short_String_Collapsed","1","1","Unbounded","Unbounded","1","255","Units_of_None","none","TBD_classConcept","SHORT_STRING"
"search:Scientific_Discipline:2          search:study_focus:2                    Value:Atmosphere","Value","Atmosphere","","","Study focused on atmospheric properties or dynamics"
"search:Scientific_Discipline:2          search:study_focus:2                    Value:Composition","Value","Composition","","","Study focused on chemical or mineral composition"
"search:Scientific_Discipline:2          search:study_focus:2                    Value:Interior","Value","Interior","","","Study focused on internal structure or processes"
"search:Scientific_Discipline:2          search:study_focus:2                    Value:Magnetosphere","Value","Magnetosphere","","","Study focused on magnetic field properties or interactions"
"search:Scientific_Discipline:2          search:study_focus:2                    Value:Orbital_Dynamics","Value","Orbital_Dynamics","","","Study focused on orbital properties or behaviors"
"search:Scientific_Discipline:2          search:study_focus:2                    Value:Other","Value","Other","","","Any focus not covered by other values"
"search:Scientific_Discipline:2          search:study_focus:2                    Value:Surface","Value","Surface","","","Study focused on surface features or properties"
"search:Data_Collection:1               ","Class","Data_Collection","1.0.0.0","search","Information about how the data was collected and its format.","drum","","","","","","","","","","",""
"search:Data_Collection:2                search:collection_method:1             ","Attribute","collection_method","n/a","search","Method used to collect the data.","drum","ASCII_Short_String_Collapsed","0","1","Unbounded","Unbounded","1","255","Units_of_None","none","TBD_classConcept","SHORT_STRING"
"search:Data_Collection:2                search:collection_method:2              Value:Laboratory","Value","Laboratory","","","Data collected in laboratory settings"
"search:Data_Collection:2                search:collection_method:2              Value:Lander","Value","Lander","","","Data collected by a surface lander"
"search:Data_Collection:2                search:collection_method:2              Value:Orbiter","Value","Orbiter","","","Data collected by an orbiting spacecraft"
"search:Data_Collection:2                search:collection_method:2              Value:Other","Value","Other","","","Any collection method not covered by other values"
"search:Data_Collection:2                search:collection_method:2              Value:Rover","Value","Rover","","","Data collected by a mobile surface rover"
"search:Data_Collection:2                search:collection_method:2              Value:Sample_Return","Value","Sample_Return","","","Analysis of returned physical samples"
"search:Data_Collection:2                search:collection_method:2              Value:Telescope","Value","Telescope","","","Data collected by Earth-based or space telescopes"
"search:Data_Collection:2                search:instrument_type:1               ","Attribute","instrument_type","n/a","search","Type of instrument used to collect the data.","drum","ASCII_Short_String_Collapsed","0","1","Unbounded","Unbounded","1","255","Units_of_None","none","TBD_classConcept","SHORT_STRING"
"search:Data_Collection:2                search:instrument_type:2                Value:Camera","Value","Camera","","","Imaging device"
"search:Data_Collection:2                search:instrument_type:2                Value:Lidar","Value","Lidar","","","Light detection and ranging instrument"
"search:Data_Collection:2                search:instrument_type:2                Value:Magnetometer","Value","Magnetometer","","","Instrument that measures magnetic fields"
"search:Data_Collection:2                search:instrument_type:2                Value:Other","Value","Other","","","Any instrument type not covered by other values"
"search:Data_Collection:2                search:instrument_type:2                Value:Radar","Value","Radar","","","Radio detection and ranging instrument"
"search:Data_Collection:2                search:instrument_type:2                Value:Seismometer","Value","Seismometer","","","Instrument that measures ground motion"
"search:Data_Collection:2                search:instrument_type:2                Value:Spectrometer","Value","Spectrometer","","","Instrument that measures spectra"
"search:Data_Collection:2                search:data_category:1                 ","Attribute","data_category","n/a","search","General category of the collected data.","drum","ASCII_Short_String_Collapsed","0","1","Unbounded","Unbounded","1","255","Units_of_None","none","TBD_classConcept","SHORT_STRING"
"search:Data_Collection:2                search:data_category:2                  Value:Altimetry","Value","Altimetry","","","Elevation data"
"search:Data_Collection:2                search:data_category:2                  Value:Database","Value","Database","","","Flat rendering of existing data base"
"search:Data_Collection:2                search:data_category:2                  Value:Image","Value","Image","","","Visual representation data"
"search:Data_Collection:2                search:data_category:2                  Value:Map","Value","Map","","","Spatial representation data"
"search:Data_Collection:2                search:data_category:2                  Value:Model_Output","Value","Model_Output","","","Results from computational models"
"search:Data_Collection:2                search:data_category:2                  Value:Other","Value","Other","","","Any data type not covered by other values"
"search:Data_Collection:2                search:data_category:2                  Value:Parameter_Data","Value","Parameter_Data","","","Numerical data"
"search:Data_Collection:2                search:data_category:2                  Value:Photometry","Value","Photometry","","","Photometric measurement data"
"search:Data_Collection:2                search:data_format:1                   ","Attribute","data_format","n/a","search","Format of the collected data.","drum","ASCII_Short_String_Collapsed","0","1","Unbounded","Unbounded","1","255","Units_of_None","none","TBD_classConcept","SHORT_STRING"
"search:Data_Collection:2                search:data_format:2                    Value:Crater","Value","Crater","","","A list of craters on the object"
"search:Data_Collection:2                search:data_format:2                    Value:Crater_Type","Value","Crater_Type","","","A list of irregular crater types on the object"
"search:Data_Collection:2                search:data_format:2                    Value:Gazetteer","Value","Gazetteer","","","A list of feature names"
"search:Data_Collection:2                search:data_format:2                    Value:Geologic_Map","Value","Geologic_Map","","","A map of the geologic features of the object"
"search:Data_Collection:2                search:data_format:2                    Value:Gravity_Map","Value","Gravity_Map","","","A map of the gravity of the object"
"search:Data_Collection:2                search:data_format:2                    Value:Light_Curve","Value","Light_Curve","","","A list of light curves on the object"
"search:Data_Collection:2                search:data_format:2                    Value:Mosaic","Value","Mosaic","","","A composite image of the object"
"search:Data_Collection:2                search:data_format:2                    Value:Photometric_Properti","Value","Photometric_Properties","","","A list of photometric properties of the object"
"search:Data_Collection:2                search:data_format:2                    Value:Physical_Properties","Value","Physical_Properties","","","A list of physical properties of the object"
"search:Data_Collection:2                search:data_format:2                    Value:Shape_Model_DTM","Value","Shape_Model_DTM","","","A 3D model of the surface of the object"
"search:Data_Collection:2                search:data_format:2                    Value:Spectral","Value","Spectral","","","A list of spectra on the object"
"search:Data_Collection:2                search:data_format:2                    Value:Spectral_Map","Value","Spectral_Map","","","A map of the spectral properties of the object"
"search:Data_Collection:2                search:data_format:2                    Value:Taxonomies","Value","Taxonomies","","","A list of taxonomies of the object"
"search:Data_Collection:2                search:data_format:2                    Value:Thermal_Map","Value","Thermal_Map","","","A map of the thermal properties of the object"
"search:Data_Collection:2                search:data_format:2                    Value:Time_Series","Value","Time_Series","","","Sequential data collected over time"
"search:Data_Collection:2                search:temporal_epoch:1                ","Attribute","temporal_epoch","n/a","search","The temporal epoch of the data collection.","drum","ASCII_Short_String_Collapsed","0","1","Unbounded","Unbounded","1","255","Units_of_None","none","TBD_classConcept","SHORT_STRING"
"search:Data_Collection:2                search:temporal_epoch:2                 Value:Amazonian","Value","Amazonian","","","Mars's Amazonian Epoch"
"search:Data_Collection:2                search:temporal_epoch:2                 Value:Archean","Value","Archean","","","Earth's earliest known epoch"
"search:Data_Collection:2                search:temporal_epoch:2                 Value:Azaccan","Value","Azaccan","","","Ceres's Azaccan Epoch"
"search:Data_Collection:2                search:temporal_epoch:2                 Value:Copernican","Value","Copernican","","","Moon's Eratosthenian Epoch"
"search:Data_Collection:2                search:temporal_epoch:2                 Value:Eratosthenian","Value","Eratosthenian","","","Moon's Imbrian Epoch"
"search:Data_Collection:2                search:temporal_epoch:2                 Value:Hesperian","Value","Hesperian","","","Mars's Hesperian Epoch"
"search:Data_Collection:2                search:temporal_epoch:2                 Value:Imbrian","Value","Imbrian","","","Moon's Nectarian Epoch"
"search:Data_Collection:2                search:temporal_epoch:2                 Value:Kerwanan","Value","Kerwanan","","","Ceres's Kerwanan Epoch"
"search:Data_Collection:2                search:temporal_epoch:2                 Value:Nectarian","Value","Nectarian","","","Moon's Pre-Nactarian Epoch"
"search:Data_Collection:2                search:temporal_epoch:2                 Value:Noachian","Value","Noachian","","","Mars's Noachian Epoch"
"search:Data_Collection:2                search:temporal_epoch:2                 Value:Other","Value","Other","","","Any temporal epoch not covered by other values"
"search:Data_Collection:2                search:temporal_epoch:2                 Value:Paleozoic","Value","Paleozoic","","","Earth's Paleozoic Era"
"search:Data_Collection:2                search:temporal_epoch:2                 Value:Pre-Kerwanan","Value","Pre-Kerwanan","","","Ceres's Pre-Kerwanan Epoch"
"search:Data_Collection:2                search:temporal_epoch:2                 Value:Proterozoic","Value","Proterozoic","","","Earth's Proterozoic Eon"
"search:Data_Collection:2                search:temporal_epoch:2                 Value:Yalodean","Value","Yalodean","","","Ceres's Yalodean Epoch"
"search:Target_Object:1                 ","Class","Target_Object","1.0.0.0","search","Information about the target of observation, whether it is a celestial body, feature, or other object.","drum","","","","","","","","","","",""
"search:Target_Object:2                  search:object_name:1                   ","Attribute","object_name","n/a","search","Specific name of the celestial body (whether it is the target of observation or not)","drum","ASCII_Short_String_Collapsed","0","*","Unbounded","Unbounded","1","255","Units_of_None","none","TBD_classConcept","SHORT_STRING"
"search:Target_Object:2                  search:parent_body:1                   ","Attribute","parent_body","n/a","search","For moons/satellites, specifies the parent planet or body.","drum","ASCII_Short_String_Collapsed","0","*","Unbounded","Unbounded","1","255","Units_of_None","none","TBD_classConcept","SHORT_STRING"
"search:Target_Object:2                  search:scope:1                         ","Attribute","scope","n/a","search","The scope of the data collection.","drum","ASCII_Short_String_Collapsed","0","1","Unbounded","Unbounded","1","255","Units_of_None","none","TBD_classConcept","SHORT_STRING"
"search:Target_Object:2                  search:scope:2                          Value:Global","Value","Global","","","Data collected from the entire object"
"search:Target_Object:2                  search:scope:2                          Value:Local","Value","Local","","","Data collected from a small location on the object"
"search:Target_Object:2                  search:scope:2                          Value:Other","Value","Other","","","Any scope not covered by other values"
"search:Target_Object:2                  search:scope:2                          Value:Regional","Value","Regional","","","Data collected from a large region of the object"
"search:Body_Type:1                     ","Class","Body_Type","1.0.0.0","search","Classification of the celestial body.","drum","","","","","","","","","","",""
"search:Body_Type:2                      search:asteroid_type:1                 ","Attribute","asteroid_type","n/a","search","Type of asteroid.","drum","ASCII_Short_String_Collapsed","0","1","Unbounded","Unbounded","1","255","Units_of_None","none","TBD_classConcept","SHORT_STRING"
"search:Body_Type:2                      search:asteroid_type:2                  Value:Active","Value","Active","","","Asteroids that show comet-like activity"
"search:Body_Type:2                      search:asteroid_type:2                  Value:Main_Belt","Value","Main_Belt","","","Asteroids in the main asteroid belt"
"search:Body_Type:2                      search:asteroid_type:2                  Value:Near_Earth","Value","Near_Earth","","","Asteroids with orbits that bring them close to Earth"
"search:Body_Type:2                      search:asteroid_type:2                  Value:Other","Value","Other","","","Any asteroid type not covered by other values"
"search:Body_Type:2                      search:asteroid_type:2                  Value:Trojan","Value","Trojan","","","Asteroids that share an orbit with a planet"
"search:Body_Type:2                      search:tno_type:1                      ","Attribute","tno_type","n/a","search","Type of trans-Neptunian object.","drum","ASCII_Short_String_Collapsed","0","1","Unbounded","Unbounded","1","255","Units_of_None","none","TBD_classConcept","SHORT_STRING"
"search:Body_Type:2                      search:tno_type:2                       Value:Classical","Value","Classical","","","Objects in the classical Kuiper belt"
"search:Body_Type:2                      search:tno_type:2                       Value:Detached","Value","Detached","","","Objects with orbits not strongly influenced by Neptune"
"search:Body_Type:2                      search:tno_type:2                       Value:Other","Value","Other","","","Any TNO type not covered by other values"
"search:Body_Type:2                      search:tno_type:2                       Value:Resonant","Value","Resonant","","","Objects in orbital resonance with Neptune"
"search:Body_Type:2                      search:tno_type:2                       Value:Scattered","Value","Scattered","","","Objects scattered by Neptune"
"search:Body_Type:2                      search:centaur_type:1                  ","Attribute","centaur_type","n/a","search","Type of centaur object.","drum","ASCII_Short_String_Collapsed","0","1","Unbounded","Unbounded","1","255","Units_of_None","none","TBD_classConcept","SHORT_STRING"
"search:Body_Type:2                      search:centaur_type:2                   Value:Active","Value","Active","","","Centaurs showing comet-like activity"
"search:Body_Type:2                      search:centaur_type:2                   Value:Inactive","Value","Inactive","","","Centaurs without comet-like activity"
"search:Body_Type:2                      search:centaur_type:2                   Value:Other","Value","Other","","","Any centaur type not covered by other values"
"search:Body_Type:2                      search:kbo_type:1                      ","Attribute","kbo_type","n/a","search","Type of Kuiper belt object.","drum","ASCII_Short_String_Collapsed","0","1","Unbounded","Unbounded","1","255","Units_of_None","none","TBD_classConcept","SHORT_STRING"
"search:Body_Type:2                      search:kbo_type:2                       Value:Classical","Value","Classical","","","Objects in the classical Kuiper belt"
"search:Body_Type:2                      search:kbo_type:2                       Value:Other","Value","Other","","","Any KBO type not covered by other values"
"search:Body_Type:2                      search:kbo_type:2                       Value:Resonant","Value","Resonant","","","Objects in orbital resonance with Neptune"
"search:Body_Type:2                      search:kbo_type:2                       Value:Scattered","Value","Scattered","","","Objects scattered by Neptune"
"search:Body_Type:2                      search:oort_cloud_type:1               ","Attribute","oort_cloud_type","n/a","search","Type of Oort cloud object.","drum","ASCII_Short_String_Collapsed","0","1","Unbounded","Unbounded","1","255","Units_of_None","none","TBD_classConcept","SHORT_STRING"
"search:Body_Type:2                      search:oort_cloud_type:2                Value:Inner","Value","Inner","","","Objects in the inner Oort cloud"
"search:Body_Type:2                      search:oort_cloud_type:2                Value:Other","Value","Other","","","Any Oort cloud object type not covered by other values"
"search:Body_Type:2                      search:oort_cloud_type:2                Value:Outer","Value","Outer","","","Objects in the outer Oort cloud"
"search:Body_Type:2                      search:comet_type:1                    ","Attribute","comet_type","n/a","search","Type of comet.","drum","ASCII_Short_String_Collapsed","0","1","Unbounded","Unbounded","1","255","Units_of_None","none","TBD_classConcept","SHORT_STRING"
"search:Body_Type:2                      search:comet_type:2                     Value:Halley_Type","Value","Halley_Type","","","Comets with intermediate orbital periods"
"search:Body_Type:2                      search:comet_type:2                     Value:Jupiter_Family","Value","Jupiter_Family","","","Comets with short orbital periods"
"search:Body_Type:2                      search:comet_type:2                     Value:Long_Period","Value","Long_Period","","","Comets with long orbital periods"
"search:Body_Type:2                      search:comet_type:2                     Value:Other","Value","Other","","","Any comet type not covered by other values"
"search:Body_Type:2                      search:comet_type:2                     Value:Single_Pass","Value","Single_Pass","","","Comets that pass through the solar system once"
"search:Body_Type:2                      search:satellite_type:1                ","Attribute","satellite_type","n/a","search","Type of natural satellite.","drum","ASCII_Short_String_Collapsed","0","1","Unbounded","Unbounded","1","255","Units_of_None","none","TBD_classConcept","SHORT_STRING"
"search:Body_Type:2                      search:satellite_type:2                 Value:Captured","Value","Captured","","","Satellites captured by a planet"
"search:Body_Type:2                      search:satellite_type:2                 Value:Galilean","Value","Galilean","","","The four largest moons of Jupiter"
"search:Body_Type:2                      search:satellite_type:2                 Value:Icy","Value","Icy","","","Satellites with significant ice content"
"search:Body_Type:2                      search:satellite_type:2                 Value:Irregular","Value","Irregular","","","Satellites with irregular orbits"
"search:Body_Type:2                      search:satellite_type:2                 Value:Other","Value","Other","","","Any satellite type not covered by other values"
"search:Body_Type:2                      search:satellite_type:2                 Value:Shepherding","Value","Shepherding","","","Satellites that maintain ring structure"
"search:Body_Type:2                      search:planet_type:1                   ","Attribute","planet_type","n/a","search","Type of planet.","drum","ASCII_Short_String_Collapsed","0","1","Unbounded","Unbounded","1","255","Units_of_None","none","TBD_classConcept","SHORT_STRING"
"search:Body_Type:2                      search:planet_type:2                    Value:Gas_Giant","Value","Gas_Giant","","","Large planets composed mainly of gas"
"search:Body_Type:2                      search:planet_type:2                    Value:Interior","Value","Interior","","","Planets closer to the Sun than Earth"
"search:Body_Type:2                      search:planet_type:2                    Value:Other","Value","Other","","","Any planet type not covered by other values"
"search:Body_Type:2                      search:planet_type:2                    Value:Terrestrial","Value","Terrestrial","","","Rocky planets similar to Earth"
"search:Body_Type:2                      search:feature_type:1                  ","Attribute","feature_type","n/a","search","Type of geological or physical feature being studied.","drum","ASCII_Short_String_Collapsed","0","1","Unbounded","Unbounded","1","255","Units_of_None","none","TBD_classConcept","SHORT_STRING"
"search:Body_Type:2                      search:feature_type:2                   Value:Cloud","Value","Cloud","","","Atmospheric cloud formation"
"search:Body_Type:2                      search:feature_type:2                   Value:Crater","Value","Crater","","","Impact depression on a surface"
"search:Body_Type:2                      search:feature_type:2                   Value:Mare","Value","Mare","","","Dark plains on the Moon"
"search:Body_Type:2                      search:feature_type:2                   Value:Mountain","Value","Mountain","","","Elevated landform"
"search:Body_Type:2                      search:feature_type:2                   Value:Other","Value","Other","","","Any feature type not covered by other values"
"search:Body_Type:2                      search:feature_type:2                   Value:Valley","Value","Valley","","","Elongated depression"
"search:Body_Type:2                      search:feature_type:2                   Value:Volcano","Value","Volcano","","","Volcanic landform"
"search:Body_Type:2                      search:atmospheric_layer:1             ","Attribute","atmospheric_layer","n/a","search","Layer of the atmosphere.","drum","ASCII_Short_String_Collapsed","0","1","Unbounded","Unbounded","1","255","Units_of_None","none","TBD_classConcept","SHORT_STRING"
"search:Body_Type:2                      search:atmospheric_layer:2              Value:Exosphere","Value","Exosphere","","","Outermost layer of the atmosphere"
"search:Body_Type:2                      search:atmospheric_layer:2              Value:Ionosphere","Value","Ionosphere","","","Layer containing ions"
"search:Body_Type:2                      search:atmospheric_layer:2              Value:Other","Value","Other","","","Any atmospheric layer not covered by other values"
"search:Body_Type:2                      search:atmospheric_layer:2              Value:Stratosphere","Value","Stratosphere","","","Layer above the troposphere"
"search:Body_Type:2                      search:atmospheric_layer:2              Value:Troposphere","Value","Troposphere","","","Lowest layer of the atmosphere"
"search:Body_Type:2                      search:field_type:1                    ","Attribute","field_type","n/a","search","Type of field or radiation.","drum","ASCII_Short_String_Collapsed","0","1","Unbounded","Unbounded","1","255","Units_of_None","none","TBD_classConcept","SHORT_STRING"
"search:Body_Type:2                      search:field_type:2                     Value:Cosmic_Ray","Value","Cosmic_Ray","","","Cosmic radiation"
"search:Body_Type:2                      search:field_type:2                     Value:Electromagnetic_Wave","Value","Electromagnetic_Wave","","","Electromagnetic waves"
"search:Body_Type:2                      search:field_type:2                     Value:Gamma_Ray","Value","Gamma_Ray","","","Gamma radiation"
"search:Body_Type:2                      search:field_type:2                     Value:Other","Value","Other","","","Any field type not covered by other values"
"search:Body_Type:2                      search:field_type:2                     Value:Particle","Value","Particle","","","Field of particles"
"search:Body_Type:2                      search:field_type:2                     Value:X_Ray","Value","X_Ray","","","X-ray radiation"
"search:Body_Type:2                      search:dust_type:1                     ","Attribute","dust_type","n/a","search","Type of dust or meteoroid.","drum","ASCII_Short_String_Collapsed","0","1","Unbounded","Unbounded","1","255","Units_of_None","none","TBD_classConcept","SHORT_STRING"
"search:Body_Type:2                      search:dust_type:2                      Value:Interplanetary_Dust","Value","Interplanetary_Dust","","","Dust particles in interplanetary space"
"search:Body_Type:2                      search:dust_type:2                      Value:Meteoroid","Value","Meteoroid","","","Small rocky or metallic body"
"search:Body_Type:2                      search:dust_type:2                      Value:Other","Value","Other","","","Any dust type not covered by other values"
"search:Body_Type:2                      search:ring_section:1                  ","Attribute","ring_section","n/a","search","Section of a planetary ring.","drum","ASCII_Short_String_Collapsed","0","1","Unbounded","Unbounded","1","255","Units_of_None","none","TBD_classConcept","SHORT_STRING"
"search:Body_Type:2                      search:ring_section:2                   Value:A_Ring","Value","A_Ring","","","Second outermost ring section"
"search:Body_Type:2                      search:ring_section:2                   Value:B_Ring","Value","B_Ring","","","Middle ring section"
"search:Body_Type:2                      search:ring_section:2                   Value:C_Ring","Value","C_Ring","","","Second innermost ring section"
"search:Body_Type:2                      search:ring_section:2                   Value:D_Ring","Value","D_Ring","","","Innermost ring section"
"search:Body_Type:2                      search:ring_section:2                   Value:E_Ring","Value","E_Ring","","","Outermost ring section"
"search:Body_Type:2                      search:ring_section:2                   Value:F_Ring","Value","F_Ring","","","Outer ring section"
"search:Body_Type:2                      search:ring_section:2                   Value:G_Ring","Value","G_Ring","","","Second outermost ring section"
"search:Body_Type:2                      search:ring_section:2                   Value:Other","Value","Other","","","Any ring section not covered by other values"
"search:Body_Type:2                      search:ring_division:1                 ","Attribute","ring_division","n/a","search","Division between ring sections.","drum","ASCII_Short_String_Collapsed","0","1","Unbounded","Unbounded","1","255","Units_of_None","none","TBD_classConcept","SHORT_STRING"
"search:Body_Type:2                      search:ring_division:2                  Value:Cassini_Division","Value","Cassini_Division","","","Division between A and B rings"
"search:Body_Type:2                      search:ring_division:2                  Value:Encke_Division","Value","Encke_Division","","","Division in the A ring"
"search:Body_Type:2                      search:ring_division:2                  Value:Keeler_Gap","Value","Keeler_Gap","","","Gap in the A ring"
"search:Body_Type:2                      search:ring_division:2                  Value:Other","Value","Other","","","Any ring division not covered by other values"
"search:Body_Type:2                      search:ring_feature:1                  ","Attribute","ring_feature","n/a","search","Feature within a planetary ring.","drum","ASCII_Short_String_Collapsed","0","1","Unbounded","Unbounded","1","255","Units_of_None","none","TBD_classConcept","SHORT_STRING"
"search:Body_Type:2                      search:ring_feature:2                   Value:Other","Value","Other","","","Any ring feature not covered by other values"
"search:Body_Type:2                      search:ring_feature:2                   Value:Spiral_Bending_Wave","Value","Spiral_Bending_Wave","","","Spiral wave in ring plane"
"search:Body_Type:2                      search:ring_feature:2                   Value:Spiral_Density_Wave","Value","Spiral_Density_Wave","","","Spiral wave in ring density"
"search:Body_Type:2                      search:ring_feature:2                   Value:Spoke","Value","Spoke","","","Radial feature in Saturn's rings"
"search:Body_Type:2                      search:solar_component:1               ","Attribute","solar_component","n/a","search","Component of the Sun.","drum","ASCII_Short_String_Collapsed","0","1","Unbounded","Unbounded","1","255","Units_of_None","none","TBD_classConcept","SHORT_STRING"
"search:Body_Type:2                      search:solar_component:2                Value:Chromosphere","Value","Chromosphere","","","Layer above the photosphere"
"search:Body_Type:2                      search:solar_component:2                Value:Convective_Zone","Value","Convective_Zone","","","Region where energy is transferred by convection"
"search:Body_Type:2                      search:solar_component:2                Value:Core","Value","Core","","","Innermost part of the Sun"
"search:Body_Type:2                      search:solar_component:2                Value:Corona","Value","Corona","","","Outermost layer of the Sun's atmosphere"
"search:Body_Type:2                      search:solar_component:2                Value:Heliosphere","Value","Heliosphere","","","Region of space dominated by the Sun"
"search:Body_Type:2                      search:solar_component:2                Value:Other","Value","Other","","","Any solar component not covered by other values"
"search:Body_Type:2                      search:solar_component:2                Value:Photosphere","Value","Photosphere","","","Visible surface of the Sun"
"search:Body_Type:2                      search:solar_component:2                Value:Radiative_Zone","Value","Radiative_Zone","","","Region where energy is transferred by radiation"
"search:Body_Type:2                      search:solar_component:2                Value:Solar_Wind","Value","Solar_Wind","","","Stream of charged particles from the Sun"
"search:Physical_Properties:1           ","Class","Physical_Properties","1.0.0.0","search","Information about the physical properties of the object under study.","drum","","","","","","","","","","",""
"search:Physical_Properties:2            search:material_type:1                 ","Attribute","material_type","n/a","search","Physical type of material being studied.","drum","ASCII_Short_String_Collapsed","1","1","Unbounded","Unbounded","1","255","Units_of_None","none","TBD_classConcept","SHORT_STRING"
"search:Physical_Properties:2            search:material_type:2                  Value:Dust","Value","Dust","","","Fine particulate material"
"search:Physical_Properties:2            search:material_type:2                  Value:Gas","Value","Gas","","","Gaseous material"
"search:Physical_Properties:2            search:material_type:2                  Value:Ice","Value","Ice","","","Frozen water or other volatiles"
"search:Physical_Properties:2            search:material_type:2                  Value:Liquid","Value","Liquid","","","Liquid state material"
"search:Physical_Properties:2            search:material_type:2                  Value:Other","Value","Other","","","Any material type not covered by other values"
"search:Physical_Properties:2            search:material_type:2                  Value:Regolith","Value","Regolith","","","Surface layer of loose material"
"search:Physical_Properties:2            search:material_type:2                  Value:Rock","Value","Rock","","","Solid mineral material"
"search:Physical_Properties:2            search:feature_name:1                  ","Attribute","feature_name","n/a","search","Name of the feature being studied.","drum","ASCII_Short_String_Collapsed","0","1","Unbounded","Unbounded","1","255","Units_of_None","none","TBD_classConcept","SHORT_STRING"
"search:Physical_Properties:2            search:feature_type:1                  ","Attribute","feature_type","n/a","search","Type of geological or physical feature being studied.","drum","ASCII_Short_String_Collapsed","0","1","Unbounded","Unbounded","1","255","Units_of_None","none","TBD_classConcept","SHORT_STRING"
"search:Physical_Properties:2            search:feature_type:2                   Value:Cloud","Value","Cloud","","","Atmospheric cloud formation"
"search:Physical_Properties:2            search:feature_type:2                   Value:Crater","Value","Crater","","","Impact depression on a surface"
"search:Physical_Properties:2            search:feature_type:2                   Value:Mare","Value","Mare","","","Dark plains on the Moon"
"search:Physical_Properties:2            search:feature_type:2                   Value:Mountain","Value","Mountain","","","Elevated landform"
"search:Physical_Properties:2            search:feature_type:2                   Value:Other","Value","Other","","","Any feature type not covered by other values"
"search:Physical_Properties:2            search:feature_type:2                   Value:Valley","Value","Valley","","","Elongated depression"
"search:Physical_Properties:2            search:feature_type:2                   Value:Volcano","Value","Volcano","","","Volcanic landform"
"search:Physical_Properties:2            search:process_type:1                  ","Attribute","process_type","n/a","search","Type of process being studied.","drum","ASCII_Short_String_Collapsed","0","1","Unbounded","Unbounded","1","255","Units_of_None","none","TBD_classConcept","SHORT_STRING"
"search:Physical_Properties:2            search:process_type:2                   Value:Atmospheric","Value","Atmospheric","","","Atmospheric processes"
"search:Physical_Properties:2            search:process_type:2                   Value:Erosional","Value","Erosional","","","Surface degradation processes"
"search:Physical_Properties:2            search:process_type:2                   Value:Impact","Value","Impact","","","Collision processes"
"search:Physical_Properties:2            search:process_type:2                   Value:Other","Value","Other","","","Any process type not covered by other values"
"search:Physical_Properties:2            search:process_type:2                   Value:Tectonic","Value","Tectonic","","","Crustal deformation processes"
"search:Physical_Properties:2            search:process_type:2                   Value:Volcanic","Value","Volcanic","","","Volcanic activity"
"search:Physical_Properties:2            search:composition:1                   ","Attribute","composition","n/a","search","Primary composition of the material being studied.","drum","ASCII_Short_String_Collapsed","0","1","Unbounded","Unbounded","1","255","Units_of_None","none","TBD_classConcept","SHORT_STRING"
"search:Physical_Properties:2            search:composition:2                    Value:Gaseous","Value","Gaseous","","","Composed primarily of gas"
"search:Physical_Properties:2            search:composition:2                    Value:Icy","Value","Icy","","","Composed primarily of water or other volatile ices"
"search:Physical_Properties:2            search:composition:2                    Value:Metal","Value","Metal","","","Composed primarily of metallic elements"
"search:Physical_Properties:2            search:composition:2                    Value:Mixed","Value","Mixed","","","Composed of a mixture of different materials"
"search:Physical_Properties:2            search:composition:2                    Value:Organic","Value","Organic","","","Composed primarily of organic compounds"
"search:Physical_Properties:2            search:composition:2                    Value:Other","Value","Other","","","Any composition not covered by other values"
"search:Physical_Properties:2            search:composition:2                    Value:Silicate","Value","Silicate","","","Composed primarily of silicate minerals"
"search:Environmental_Context:1         ","Class","Environmental_Context","1.0.0.0","search","Information about the environmental conditions at the study location.","drum","","","","","","","","","","",""
"search:Environmental_Context:2          search:temperature_regime:1            ","Attribute","temperature_regime","n/a","search","Temperature conditions at the study location.","drum","ASCII_Short_String_Collapsed","0","1","Unbounded","Unbounded","1","255","Units_of_None","none","TBD_classConcept","SHORT_STRING"
"search:Environmental_Context:2          search:temperature_regime:2             Value:Cold","Value","Cold","","","Below freezing but not extreme"
"search:Environmental_Context:2          search:temperature_regime:2             Value:Cryogenic","Value","Cryogenic","","","Extremely low temperatures, typically below 120K"
"search:Environmental_Context:2          search:temperature_regime:2             Value:Extreme_Heat","Value","Extreme_Heat","","","Very high temperatures like Venus surface"
"search:Environmental_Context:2          search:temperature_regime:2             Value:Hot","Value","Hot","","","High temperatures but below extreme"
"search:Environmental_Context:2          search:temperature_regime:2             Value:Other","Value","Other","","","Any temperature regime not covered by other values"
"search:Environmental_Context:2          search:temperature_regime:2             Value:Temperate","Value","Temperate","","","Moderate temperatures, similar to Earth temperate regions"
"search:Environmental_Context:2          search:temperature_regime:2             Value:Variable","Value","Variable","","","Wide temperature variations or cycles"
"search:Environmental_Context:2          search:pressure_conditions:1           ","Attribute","pressure_conditions","n/a","search","Pressure conditions at the study location.","drum","ASCII_Short_String_Collapsed","0","1","Unbounded","Unbounded","1","255","Units_of_None","none","TBD_classConcept","SHORT_STRING"
"search:Environmental_Context:2          search:pressure_conditions:2            Value:Earth_Like","Value","Earth_Like","","","Similar to Earth's atmospheric pressure"
"search:Environmental_Context:2          search:pressure_conditions:2            Value:Extreme","Value","Extreme","","","Very high pressure like Venus surface or gas giant interiors"
"search:Environmental_Context:2          search:pressure_conditions:2            Value:High","Value","High","","","Higher than Earth's atmospheric pressure"
"search:Environmental_Context:2          search:pressure_conditions:2            Value:Other","Value","Other","","","Any pressure condition not covered by other values"
"search:Environmental_Context:2          search:pressure_conditions:2            Value:Vacuum","Value","Vacuum","","","Essentially no atmospheric pressure"
"search:Environmental_Context:2          search:pressure_conditions:2            Value:Variable","Value","Variable","","","Significant pressure variations or gradients"
"search:Environmental_Context:2          search:pressure_conditions:2            Value:Very_Low","Value","Very_Low","","","Minimal atmospheric pressure like Mars"
"search:Environmental_Context:2          search:radiation_environment:1         ","Attribute","radiation_environment","n/a","search","Radiation conditions at the study location.","drum","ASCII_Short_String_Collapsed","0","1","Unbounded","Unbounded","1","255","Units_of_None","none","TBD_classConcept","SHORT_STRING"
"search:Environmental_Context:2          search:radiation_environment:2          Value:Extreme","Value","Extreme","","","Very high radiation levels"
"search:Environmental_Context:2          search:radiation_environment:2          Value:High","Value","High","","","Significant radiation like Jupiter radiation belts"
"search:Environmental_Context:2          search:radiation_environment:2          Value:Low","Value","Low","","","Minimal radiation exposure like Earth surface"
"search:Environmental_Context:2          search:radiation_environment:2          Value:Moderate","Value","Moderate","","","Similar to Earth orbit or Mars surface"
"search:Environmental_Context:2          search:radiation_environment:2          Value:Other","Value","Other","","","Any radiation environment not covered by other values"
"search:Environmental_Context:2          search:radiation_environment:2          Value:Shielded","Value","Shielded","","","Protected or shielded from external radiation"
"search:Environmental_Context:2          search:atmospheric_presence:1          ","Attribute","atmospheric_presence","n/a","search","Presence and nature of atmosphere at the study location.","drum","ASCII_Short_String_Collapsed","0","1","Unbounded","Unbounded","1","255","Units_of_None","none","TBD_classConcept","SHORT_STRING"
"search:Environmental_Context:2          search:atmospheric_presence:2           Value:Earth_Like","Value","Earth_Like","","","Similar to Earth's atmosphere"
"search:Environmental_Context:2          search:atmospheric_presence:2           Value:Gas_Giant","Value","Gas_Giant","","","Massive, deep atmosphere of a gas giant"
"search:Environmental_Context:2          search:atmospheric_presence:2           Value:None","Value","None","","","No significant atmosphere"
"search:Environmental_Context:2          search:atmospheric_presence:2           Value:Other","Value","Other","","","Any atmospheric presence not covered by other values"
"search:Environmental_Context:2          search:atmospheric_presence:2           Value:Thick","Value","Thick","","","Dense atmosphere like Venus or Titan"
"search:Environmental_Context:2          search:atmospheric_presence:2           Value:Thin","Value","Thin","","","Tenuous atmosphere like Mars"
"search:Environmental_Context:2          search:atmospheric_presence:2           Value:Very_Thin","Value","Very_Thin","","","Minimal atmosphere like Mercury or Moon"
"search:Analysis_Properties:1           ","Class","Analysis_Properties","1.0.0.0","search","Information about the analysis methods and properties of the data.","drum","","","","","","","","","","",""
"search:Analysis_Properties:2            search:analysis_method:1               ","Attribute","analysis_method","n/a","search","Primary method used to analyze the data.","drum","ASCII_Short_String_Collapsed","1","1","Unbounded","Unbounded","1","255","Units_of_None","none","TBD_classConcept","SHORT_STRING"
"search:Analysis_Properties:2            search:analysis_method:2                Value:Image_Processing","Value","Image_Processing","","","Image processing techniques"
"search:Analysis_Properties:2            search:analysis_method:2                Value:Machine_Learning","Value","Machine_Learning","","","Machine learning or AI based analysis"
"search:Analysis_Properties:2            search:analysis_method:2                Value:Manual","Value","Manual","","","Manual analysis by researchers"
"search:Analysis_Properties:2            search:analysis_method:2                Value:Modeling","Value","Modeling","","","Computer modeling or simulation"
"search:Analysis_Properties:2            search:analysis_method:2                Value:Other","Value","Other","","","Any analysis method not covered by other values"
"search:Analysis_Properties:2            search:analysis_method:2                Value:Spectral","Value","Spectral","","","Spectral analysis methods"
"search:Analysis_Properties:2            search:analysis_method:2                Value:Statistical","Value","Statistical","","","Statistical analysis methods"
"search:Analysis_Properties:2            search:software_used:1                 ","Attribute","software_used","n/a","search","Primary software tools used for data analysis.","drum","ASCII_Text_Preserved","0","1","Unbounded","Unbounded","1","Unbounded","Units_of_None","none","TBD_classConcept","TEXT"
"search:Analysis_Properties:2            search:processing_steps:1              ","Attribute","processing_steps","n/a","search","Description of processing steps applied to the data.","drum","ASCII_Text_Preserved","0","1","Unbounded","Unbounded","1","Unbounded","Units_of_None","none","TBD_classConcept","TEXT"
"search:Analysis_Properties:2            search:uncertainty_measurements:1      ","Attribute","uncertainty_measurements","n/a","search","Description of uncertainty or error measurements associated with the data.","drum","ASCII_Text_Preserved","0","1","Unbounded","Unbounded","1","Unbounded","Units_of_None","none","TBD_classConcept","TEXT"
"search:Analysis_Properties:2            search:quality_indicators:1            ","Attribute","quality_indicators","n/a","search","Indicators of data quality or reliability.","drum","ASCII_Short_String_Collapsed","0","1","Unbounded","Unbounded","1","255","Units_of_None","none","TBD_classConcept","SHORT_STRING"
"search:Analysis_Properties:2            search:quality_indicators:2             Value:High","Value","High","","","High quality data with minimal errors"
"search:Analysis_Properties:2            search:quality_indicators:2             Value:Low","Value","Low","","","Lower quality data with significant uncertainties"
"search:Analysis_Properties:2            search:quality_indicators:2             Value:Medium","Value","Medium","","","Medium quality data with some uncertainties"
"search:Analysis_Properties:2            search:quality_indicators:2             Value:Other","Value","Other","","","Quality indicator not covered by other values"
"search:Analysis_Properties:2            search:quality_indicators:2             Value:Unassessed","Value","Unassessed","","","Quality has not been formally assessed"
"search:Analysis_Properties:2            search:quality_indicators:2             Value:Variable","Value","Variable","","","Quality varies across the dataset"
"search:Research_Context:1              ","Class","Research_Context","1.0.0.0","search","Information about the research context and associated metadata.","drum","","","","","","","","","","",""
"search:Research_Context:2               search:research_goals:1                ","Attribute","research_goals","n/a","search","Primary research goals or objectives of the study.","drum","ASCII_Text_Preserved","0","1","Unbounded","Unbounded","1","Unbounded","Units_of_None","none","TBD_classConcept","TEXT"
"search:Research_Context:2               search:related_publications:1          ","Attribute","related_publications","n/a","search","Publications related to or derived from the data.","drum","ASCII_Text_Preserved","0","1","Unbounded","Unbounded","1","Unbounded","Units_of_None","none","TBD_classConcept","TEXT"
"search:Research_Context:2               search:keywords:1                      ","Attribute","keywords","n/a","search","Keywords that describe the data and research focus.","drum","ASCII_Text_Preserved","0","1","Unbounded","Unbounded","1","Unbounded","Units_of_None","none","TBD_classConcept","TEXT"
"search:Research_Context:2               search:principal_investigator:1        ","Attribute","principal_investigator","n/a","search","Name of the principal investigator or lead researcher.","drum","ASCII_Short_String_Collapsed","0","1","Unbounded","Unbounded","1","255","Units_of_None","none","TBD_classConcept","SHORT_STRING"
"search:Research_Context:2               search:institution:1                   ","Attribute","institution","n/a","search","Institution or organization associated with the research.","drum","ASCII_Short_String_Collapsed","0","1","Unbounded","Unbounded","1","255","Units_of_None","none","TBD_classConcept","SHORT_STRING"
